round,local_mean,global_macro,local_minus_global_pp
1,0.6868344344344345,0.5347291291291291,15.21053053053054
2,0.7038342342342343,0.6094636636636637,9.437057057057064
3,0.7129667667667668,0.6420656656656657,7.090110110110115
4,0.7325377377377377,0.6585321321321321,7.400560560560554
5,0.7304026026026026,0.6659991991991993,6.440340340340334
6,0.7392714714714714,0.6727335335335335,6.653793793793794
7,0.7315027027027027,0.684466866866867,4.703583583583571
8,0.735904104104104,0.6862994994994995,4.960460460460448
9,0.7310048048048048,0.6900000000000001,4.100480480480472
10,0.7351381381381381,0.6895323323323324,4.5605805805805755
11,0.7284694694694694,0.6947993993993994,3.3670070070070057
12,0.7321025025025025,0.6938664664664664,3.823603603603609
13,0.7317023023023024,0.7013993993993994,3.030290290290294
14,0.7323015015015015,0.6982998998998999,3.4001601601601594
15,0.7321021021021021,0.7007669669669669,3.1335135135135195
16,0.7326698698698698,0.7014984984984985,3.117137137137127
17,0.7309675675675675,0.7023661661661662,2.8601401401401327
18,0.7326012012012012,0.7009645645645646,3.163663663663663
19,0.7299365365365366,0.7034,2.6536536536536537
20,0.7232340340340341,0.7021657657657657,2.1068268268268353
